name,family_index,per_family_instance_index,run_name,run_type,repetitions,repetition_index,threads,iterations,real_time,cpu_time,time_unit,procs,strategy
BM_at/10,0,0,BM_at/10,iteration,1,0,1,10794296,64.69515038217214,64.69407296223861,ns,2,Least Recently Used
BM_at/100,0,1,BM_at/100,iteration,1,0,1,10785069,64.89502338762891,64.8923518245456,ns,2,Least Recently Used
BM_at/1000,0,2,BM_at/1000,iteration,1,0,1,10808084,64.8436045645978,64.84157515800226,ns,2,Least Recently Used
BM_at/10000,0,3,BM_at/10000,iteration,1,0,1,10815165,64.78589674791206,64.78453014817595,ns,2,Least Recently Used
BM_at/100000,0,4,BM_at/100000,iteration,1,0,1,10813408,64.85375739055972,64.85311642730946,ns,2,Least Recently Used
BM_at/1000000,0,5,BM_at/1000000,iteration,1,0,1,10814631,64.73667062597039,64.7359707418589,ns,2,Least Recently Used
BM_insert/10,1,0,BM_insert/10,iteration,1,0,1,1691530,415.3453193102961,415.33324741506027,ns,2,Least Recently Used
BM_insert/100,1,1,BM_insert/100,iteration,1,0,1,1686276,414.98063484472823,414.9758337306598,ns,2,Least Recently Used
BM_insert/1000,1,2,BM_insert/1000,iteration,1,0,1,1686669,414.44862804479936,414.42728181996347,ns,2,Least Recently Used
BM_insert/10000,1,3,BM_insert/10000,iteration,1,0,1,1681660,415.3771927811531,415.3605788328192,ns,2,Least Recently Used
BM_insert/100000,1,4,BM_insert/100000,iteration,1,0,1,1597287,436.87954075736315,436.86975164763686,ns,2,Least Recently Used
BM_insert/1000000,1,5,BM_insert/1000000,iteration,1,0,1,1602395,439.1445511272014,439.1224604420277,ns,2,Least Recently Used
BM_insert_at_beginning/10,2,0,BM_insert_at_beginning/10,iteration,1,0,1,2828,697893.5548078001,697875.3168316843,ns,2,Least Recently Used
BM_insert_at_beginning/100,2,1,BM_insert_at_beginning/100,iteration,1,0,1,2386,634333.3608606887,634307.2581726732,ns,2,Least Recently Used
BM_insert_at_beginning/1000,2,2,BM_insert_at_beginning/1000,iteration,1,0,1,1362,824881.326733704,824834.9331864865,ns,2,Least Recently Used
BM_insert_at_beginning/10000,2,3,BM_insert_at_beginning/10000,iteration,1,0,1,142,4937156.154995482,4936691.894366193,ns,2,Least Recently Used
BM_insert_at_beginning/100000,2,4,BM_insert_at_beginning/100000,iteration,1,0,1,14,48699379.35810803,48699368.14285682,ns,2,Least Recently Used
BM_insert_at_beginning/1000000,2,5,BM_insert_at_beginning/1000000,iteration,1,0,1,2,489880835.4919311,489863359.00000453,ns,2,Least Recently Used
BM_find_middle/10,3,0,BM_find_middle/10,iteration,1,0,1,1471283,475.71366283124786,475.6839955331475,ns,2,Least Recently Used
BM_find_middle/100,3,1,BM_find_middle/100,iteration,1,0,1,186517,3749.6020791640776,3749.495005817165,ns,2,Least Recently Used
BM_find_middle/1000,3,2,BM_find_middle/1000,iteration,1,0,1,19473,36075.2631338166,36073.39839778089,ns,2,Least Recently Used
BM_find_middle/10000,3,3,BM_find_middle/10000,iteration,1,0,1,1974,358948.1170216798,358942.83738601697,ns,2,Least Recently Used
BM_find_middle/100000,3,4,BM_find_middle/100000,iteration,1,0,1,198,3531331.4242603616,3531195.5454545654,ns,2,Least Recently Used
BM_find_middle/1000000,3,5,BM_find_middle/1000000,iteration,1,0,1,20,35305043.499101885,35302575.94999994,ns,2,Least Recently Used
BM_std_sort/10,4,0,BM_std_sort/10,iteration,1,0,1,217350,3223.7182793487914,3223.693968254,ns,2,Least Recently Used
BM_std_sort/100,4,1,BM_std_sort/100,iteration,1,0,1,6926,101003.89416641527,101001.42679757322,ns,2,Least Recently Used
BM_std_sort/1000,4,2,BM_std_sort/1000,iteration,1,0,1,443,1575664.7472015454,1575608.8848758428,ns,2,Least Recently Used
BM_std_sort/10000,4,3,BM_std_sort/10000,iteration,1,0,1,29,23822688.379180457,23820880.172413364,ns,2,Least Recently Used
BM_std_sort/100000,4,4,BM_std_sort/100000,iteration,1,0,1,2,295682002.99399906,295674946.5000001,ns,2,Least Recently Used
BM_std_sort/1000000,4,5,BM_std_sort/1000000,iteration,1,0,1,1,3532817244.005855,3532672898.999991,ns,2,Least Recently Used
BM_at/10,0,0,BM_at/10,iteration,1,0,1,10502085,66.57398364091964,66.57313038315735,ns,3,Least Recently Used
BM_at/100,0,1,BM_at/100,iteration,1,0,1,10631756,66.67446374638085,66.64522426963144,ns,3,Least Recently Used
BM_at/1000,0,2,BM_at/1000,iteration,1,0,1,10517868,66.66744562603742,66.66638409989548,ns,3,Least Recently Used
BM_at/10000,0,3,BM_at/10000,iteration,1,0,1,10510374,66.68045333164366,66.67953357321105,ns,3,Least Recently Used
BM_at/100000,0,4,BM_at/100000,iteration,1,0,1,10521541,66.70885205974476,66.70738117163586,ns,3,Least Recently Used
BM_at/1000000,0,5,BM_at/1000000,iteration,1,0,1,10494689,66.5697125490738,66.56732495836678,ns,3,Least Recently Used
BM_insert/10,1,0,BM_insert/10,iteration,1,0,1,1574569,447.7457335861597,447.7418601534748,ns,3,Least Recently Used
BM_insert/100,1,1,BM_insert/100,iteration,1,0,1,1572032,447.8347940752232,447.8162333845647,ns,3,Least Recently Used
BM_insert/1000,1,2,BM_insert/1000,iteration,1,0,1,1565551,446.4062550682839,446.3920006438629,ns,3,Least Recently Used
BM_insert/10000,1,3,BM_insert/10000,iteration,1,0,1,1565702,447.1342726790899,447.11723686882954,ns,3,Least Recently Used
BM_insert/100000,1,4,BM_insert/100000,iteration,1,0,1,1562390,446.4550457828171,446.4431684790578,ns,3,Least Recently Used
BM_insert/1000000,1,5,BM_insert/1000000,iteration,1,0,1,1563119,447.7428602847366,447.49224403260376,ns,3,Least Recently Used
BM_insert_at_beginning/10,2,0,BM_insert_at_beginning/10,iteration,1,0,1,2770,688320.9173244823,688204.6971119115,ns,3,Least Recently Used
BM_insert_at_beginning/100,2,1,BM_insert_at_beginning/100,iteration,1,0,1,2367,633650.1157591942,633529.9881706807,ns,3,Least Recently Used
BM_insert_at_beginning/1000,2,2,BM_insert_at_beginning/1000,iteration,1,0,1,1344,828260.9650277231,827871.2663690471,ns,3,Least Recently Used
BM_insert_at_beginning/10000,2,3,BM_insert_at_beginning/10000,iteration,1,0,1,140,4981370.35714795,4979365.128571445,ns,3,Least Recently Used
BM_insert_at_beginning/100000,2,4,BM_insert_at_beginning/100000,iteration,1,0,1,14,49439448.000547215,49438354.2142859,ns,3,Least Recently Used
BM_insert_at_beginning/1000000,2,5,BM_insert_at_beginning/1000000,iteration,1,0,1,2,495461874.990724,495262352.0000046,ns,3,Least Recently Used
BM_find_middle/10,3,0,BM_find_middle/10,iteration,1,0,1,1552505,456.04852159154717,456.037885224207,ns,3,Least Recently Used
BM_find_middle/100,3,1,BM_find_middle/100,iteration,1,0,1,184569,3770.3144191528477,3770.216656101514,ns,3,Least Recently Used
BM_find_middle/1000,3,2,BM_find_middle/1000,iteration,1,0,1,19513,35992.68113628455,35978.19684313051,ns,3,Least Recently Used
BM_find_middle/10000,3,3,BM_find_middle/10000,iteration,1,0,1,1948,359264.67864006833,359264.71201232006,ns,3,Least Recently Used
BM_find_middle/100000,3,4,BM_find_middle/100000,iteration,1,0,1,200,3553585.4699264746,3553487.795000052,ns,3,Least Recently Used
BM_find_middle/1000000,3,5,BM_find_middle/1000000,iteration,1,0,1,20,35563871.39979051,35555317.90000046,ns,3,Least Recently Used
BM_std_sort/10,4,0,BM_std_sort/10,iteration,1,0,1,215869,3234.862662059128,3234.8658491956085,ns,3,Least Recently Used
BM_std_sort/100,4,1,BM_std_sort/100,iteration,1,0,1,6868,102044.63438798084,102042.945544554,ns,3,Least Recently Used
BM_std_sort/1000,4,2,BM_std_sort/1000,iteration,1,0,1,443,1579905.094820102,1579859.4808126383,ns,3,Least Recently Used
BM_std_sort/10000,4,3,BM_std_sort/10000,iteration,1,0,1,29,23854939.276071522,23854663.68965512,ns,3,Least Recently Used
BM_std_sort/100000,4,4,BM_std_sort/100000,iteration,1,0,1,2,295368920.0076042,295365655.49999946,ns,3,Least Recently Used
BM_std_sort/1000000,4,5,BM_std_sort/1000000,iteration,1,0,1,1,3574601114.989491,3574497518.000001,ns,3,Least Recently Used
BM_at/10,0,0,BM_at/10,iteration,1,0,1,10609661,66.53970112647627,66.53812237733162,ns,3,Most Recently Used
BM_at/100,0,1,BM_at/100,iteration,1,0,1,10564021,66.54028224589672,66.53807153545041,ns,3,Most Recently Used
BM_at/1000,0,2,BM_at/1000,iteration,1,0,1,10522960,66.42425230293352,66.4226457194554,ns,3,Most Recently Used
BM_at/10000,0,3,BM_at/10000,iteration,1,0,1,10651787,66.77854898870442,66.77844468726263,ns,3,Most Recently Used
BM_at/100000,0,4,BM_at/100000,iteration,1,0,1,10438547,66.44818363853871,66.44478316761904,ns,3,Most Recently Used
BM_at/1000000,0,5,BM_at/1000000,iteration,1,0,1,10530434,66.26650155209427,66.26576008168367,ns,3,Most Recently Used
BM_insert/10,1,0,BM_insert/10,iteration,1,0,1,1584333,442.0937883674977,442.08220557168204,ns,3,Most Recently Used
BM_insert/100,1,1,BM_insert/100,iteration,1,0,1,1592885,440.73763078252955,440.730395477389,ns,3,Most Recently Used
BM_insert/1000,1,2,BM_insert/1000,iteration,1,0,1,1579625,443.9158604096433,443.90549719078746,ns,3,Most Recently Used
BM_insert/10000,1,3,BM_insert/10000,iteration,1,0,1,1578057,440.5384235116913,440.51433946935873,ns,3,Most Recently Used
BM_insert/100000,1,4,BM_insert/100000,iteration,1,0,1,1579579,443.7773083845103,443.76964368353634,ns,3,Most Recently Used
BM_insert/1000000,1,5,BM_insert/1000000,iteration,1,0,1,1578543,440.42610812298886,440.41477235653383,ns,3,Most Recently Used
BM_insert_at_beginning/10,2,0,BM_insert_at_beginning/10,iteration,1,0,1,2798,693004.4907076302,692976.9453180853,ns,3,Most Recently Used
BM_insert_at_beginning/100,2,1,BM_insert_at_beginning/100,iteration,1,0,1,2379,634135.7923424229,634123.6523749467,ns,3,Most Recently Used
BM_insert_at_beginning/1000,2,2,BM_insert_at_beginning/1000,iteration,1,0,1,1355,822944.7055326231,822924.685608855,ns,3,Most Recently Used
BM_insert_at_beginning/10000,2,3,BM_insert_at_beginning/10000,iteration,1,0,1,142,4938786.51407062,4938624.992957716,ns,3,Most Recently Used
BM_insert_at_beginning/100000,2,4,BM_insert_at_beginning/100000,iteration,1,0,1,14,49026346.358004965,49024631.35714287,ns,3,Most Recently Used
BM_insert_at_beginning/1000000,2,5,BM_insert_at_beginning/1000000,iteration,1,0,1,2,490579971.5052126,490572320.5000001,ns,3,Most Recently Used
BM_find_middle/10,3,0,BM_find_middle/10,iteration,1,0,1,1457809,479.4829068910134,479.480553350947,ns,3,Most Recently Used
BM_find_middle/100,3,1,BM_find_middle/100,iteration,1,0,1,184987,3771.3649500949073,3771.247957964653,ns,3,Most Recently Used
BM_find_middle/1000,3,2,BM_find_middle/1000,iteration,1,0,1,19347,36216.353748691516,36216.13237194387,ns,3,Most Recently Used
BM_find_middle/10000,3,3,BM_find_middle/10000,iteration,1,0,1,1945,359755.3691480807,359751.56401027745,ns,3,Most Recently Used
BM_find_middle/100000,3,4,BM_find_middle/100000,iteration,1,0,1,194,3600004.0360995247,3599941.3814432444,ns,3,Most Recently Used
BM_find_middle/1000000,3,5,BM_find_middle/1000000,iteration,1,0,1,20,35881129.89964429,35880277.54999956,ns,3,Most Recently Used
BM_std_sort/10,4,0,BM_std_sort/10,iteration,1,0,1,215429,3256.2570916054683,3256.1986176420073,ns,3,Most Recently Used
BM_std_sort/100,4,1,BM_std_sort/100,iteration,1,0,1,6836,102350.07460580728,102345.39862492582,ns,3,Most Recently Used
BM_std_sort/1000,4,2,BM_std_sort/1000,iteration,1,0,1,439,1592921.9134497736,1592896.093394059,ns,3,Most Recently Used
BM_std_sort/10000,4,3,BM_std_sort/10000,iteration,1,0,1,29,24078831.310456235,24078489.41379304,ns,3,Most Recently Used
BM_std_sort/100000,4,4,BM_std_sort/100000,iteration,1,0,1,2,298951326.50563025,298942599.4999948,ns,3,Most Recently Used
BM_std_sort/1000000,4,5,BM_std_sort/1000000,iteration,1,0,1,1,3560155035.9860992,3560105297.999996,ns,3,Most Recently Used
BM_at/10,0,0,BM_at/10,iteration,1,0,1,10515558,66.37532416160353,66.37481748472104,ns,3,Least Frequently Used
BM_at/100,0,1,BM_at/100,iteration,1,0,1,10667578,66.68915315062851,66.68782192171459,ns,3,Least Frequently Used
BM_at/1000,0,2,BM_at/1000,iteration,1,0,1,10510337,66.5148134650225,66.51434249919849,ns,3,Least Frequently Used
BM_at/10000,0,3,BM_at/10000,iteration,1,0,1,10531223,66.61190613973558,66.61147750835721,ns,3,Least Frequently Used
BM_at/100000,0,4,BM_at/100000,iteration,1,0,1,10486074,66.62637484736233,66.62521216234033,ns,3,Least Frequently Used
BM_at/1000000,0,5,BM_at/1000000,iteration,1,0,1,10492780,66.64607692053174,66.64359054511829,ns,3,Least Frequently Used
BM_insert/10,1,0,BM_insert/10,iteration,1,0,1,1776779,394.8727585049101,394.86622815780964,ns,3,Least Frequently Used
BM_insert/100,1,1,BM_insert/100,iteration,1,0,1,1779040,393.428007243759,393.42023731900287,ns,3,Least Frequently Used
BM_insert/1000,1,2,BM_insert/1000,iteration,1,0,1,1783734,394.7139074501426,394.4959708117905,ns,3,Least Frequently Used
BM_insert/10000,1,3,BM_insert/10000,iteration,1,0,1,1780333,394.90080787063766,394.6893435104585,ns,3,Least Frequently Used
BM_insert/100000,1,4,BM_insert/100000,iteration,1,0,1,1778163,395.28421522790507,395.2771759394389,ns,3,Least Frequently Used
BM_insert/1000000,1,5,BM_insert/1000000,iteration,1,0,1,1773563,396.8324209493843,396.8321863954158,ns,3,Least Frequently Used
BM_insert_at_beginning/10,2,0,BM_insert_at_beginning/10,iteration,1,0,1,3174,688164.6550119348,688154.9870825431,ns,3,Least Frequently Used
BM_insert_at_beginning/100,2,1,BM_insert_at_beginning/100,iteration,1,0,1,2700,632304.6485259612,632293.5692592614,ns,3,Least Frequently Used
BM_insert_at_beginning/1000,2,2,BM_insert_at_beginning/1000,iteration,1,0,1,1000,648035.3809893131,648029.9970000089,ns,3,Least Frequently Used
BM_insert_at_beginning/10000,2,3,BM_insert_at_beginning/10000,iteration,1,0,1,161,4358489.198866156,4358393.062111747,ns,3,Least Frequently Used
BM_insert_at_beginning/100000,2,4,BM_insert_at_beginning/100000,iteration,1,0,1,16,43097889.87484353,43096988.4375001,ns,3,Least Frequently Used
BM_insert_at_beginning/1000000,2,5,BM_insert_at_beginning/1000000,iteration,1,0,1,2,431231959.50465745,431231792.0000055,ns,3,Least Frequently Used
BM_find_middle/10,3,0,BM_find_middle/10,iteration,1,0,1,1526563,460.29644502891716,460.2937337011345,ns,3,Least Frequently Used
BM_find_middle/100,3,1,BM_find_middle/100,iteration,1,0,1,186064,3790.8904677697133,3790.774642058665,ns,3,Least Frequently Used
BM_find_middle/1000,3,2,BM_find_middle/1000,iteration,1,0,1,19359,36205.05661518334,36191.34294126751,ns,3,Least Frequently Used
BM_find_middle/10000,3,3,BM_find_middle/10000,iteration,1,0,1,1952,358253.30430315423,358100.33350409556,ns,3,Least Frequently Used
BM_find_middle/100000,3,4,BM_find_middle/100000,iteration,1,0,1,196,3565841.112244276,3565787.770408221,ns,3,Least Frequently Used
BM_find_middle/1000000,3,5,BM_find_middle/1000000,iteration,1,0,1,20,35713652.000413276,35712647.75000031,ns,3,Least Frequently Used
BM_std_sort/10,4,0,BM_std_sort/10,iteration,1,0,1,214874,3254.3338933655577,3253.039530143227,ns,3,Least Frequently Used
BM_std_sort/100,4,1,BM_std_sort/100,iteration,1,0,1,6827,102683.4041313397,102680.18060641523,ns,3,Least Frequently Used
BM_std_sort/1000,4,2,BM_std_sort/1000,iteration,1,0,1,437,1598434.9840137367,1597802.4302059633,ns,3,Least Frequently Used
BM_std_sort/10000,4,3,BM_std_sort/10000,iteration,1,0,1,29,24163157.06896371,24152926.37931004,ns,3,Least Frequently Used
BM_std_sort/100000,4,4,BM_std_sort/100000,iteration,1,0,1,2,296036936.5027873,296033391.9999982,ns,3,Least Frequently Used
BM_std_sort/1000000,4,5,BM_std_sort/1000000,iteration,1,0,1,1,3538073514.0061007,3537979559.9999967,ns,3,Least Frequently Used
BM_at/10,0,0,BM_at/10,iteration,1,0,1,10492564,66.70737943330808,66.6781763732872,ns,3,Pseudo-Least Recently Used
BM_at/100,0,1,BM_at/100,iteration,1,0,1,10500159,66.67225886962838,66.67161982975684,ns,3,Pseudo-Least Recently Used
BM_at/1000,0,2,BM_at/1000,iteration,1,0,1,10871243,66.69355509843318,66.69277091865187,ns,3,Pseudo-Least Recently Used
BM_at/10000,0,3,BM_at/10000,iteration,1,0,1,10621927,67.14130439759127,67.14065602220793,ns,3,Pseudo-Least Recently Used
BM_at/100000,0,4,BM_at/100000,iteration,1,0,1,10533720,67.24355536091929,67.24353438291553,ns,3,Pseudo-Least Recently Used
BM_at/1000000,0,5,BM_at/1000000,iteration,1,0,1,10557455,66.50344074345466,66.5019576214153,ns,3,Pseudo-Least Recently Used
BM_insert/10,1,0,BM_insert/10,iteration,1,0,1,1800245,388.0928501351879,388.0929651241903,ns,3,Pseudo-Least Recently Used
BM_insert/100,1,1,BM_insert/100,iteration,1,0,1,1803548,388.66652842177126,388.6620533526139,ns,3,Pseudo-Least Recently Used
BM_insert/1000,1,2,BM_insert/1000,iteration,1,0,1,1802629,388.4113852595479,388.40875299354144,ns,3,Pseudo-Least Recently Used
BM_insert/10000,1,3,BM_insert/10000,iteration,1,0,1,1799386,390.6950909844898,390.6813424134663,ns,3,Pseudo-Least Recently Used
BM_insert/100000,1,4,BM_insert/100000,iteration,1,0,1,1801220,390.81378287934837,390.80607366118267,ns,3,Pseudo-Least Recently Used
BM_insert/1000000,1,5,BM_insert/1000000,iteration,1,0,1,1800546,390.8746963399802,390.8635919326677,ns,3,Pseudo-Least Recently Used
BM_insert_at_beginning/10,2,0,BM_insert_at_beginning/10,iteration,1,0,1,3121,687142.3719962446,687133.3892983005,ns,3,Pseudo-Least Recently Used
BM_insert_at_beginning/100,2,1,BM_insert_at_beginning/100,iteration,1,0,1,2667,630396.395204271,630385.567304086,ns,3,Pseudo-Least Recently Used
BM_insert_at_beginning/1000,2,2,BM_insert_at_beginning/1000,iteration,1,0,1,1000,655071.6490019113,655043.1739999993,ns,3,Pseudo-Least Recently Used
BM_insert_at_beginning/10000,2,3,BM_insert_at_beginning/10000,iteration,1,0,1,159,4404381.20126572,4404347.679245273,ns,3,Pseudo-Least Recently Used
BM_insert_at_beginning/100000,2,4,BM_insert_at_beginning/100000,iteration,1,0,1,16,43745768.68758595,43745812.812499896,ns,3,Pseudo-Least Recently Used
BM_insert_at_beginning/1000000,2,5,BM_insert_at_beginning/1000000,iteration,1,0,1,2,436433021.9978001,436426615.000002,ns,3,Pseudo-Least Recently Used
BM_find_middle/10,3,0,BM_find_middle/10,iteration,1,0,1,1500763,460.5094535305226,460.5072086665281,ns,3,Pseudo-Least Recently Used
BM_find_middle/100,3,1,BM_find_middle/100,iteration,1,0,1,185408,3772.529421563693,3772.407835692111,ns,3,Pseudo-Least Recently Used
BM_find_middle/1000,3,2,BM_find_middle/1000,iteration,1,0,1,19436,35820.57357478901,35818.59209713901,ns,3,Pseudo-Least Recently Used
BM_find_middle/10000,3,3,BM_find_middle/10000,iteration,1,0,1,1982,350070.89809277287,350066.54692229663,ns,3,Pseudo-Least Recently Used
BM_find_middle/100000,3,4,BM_find_middle/100000,iteration,1,0,1,197,3573467.6497723665,3571776.1116750827,ns,3,Pseudo-Least Recently Used
BM_find_middle/1000000,3,5,BM_find_middle/1000000,iteration,1,0,1,20,35765709.00040679,35764636.59999973,ns,3,Pseudo-Least Recently Used
BM_std_sort/10,4,0,BM_std_sort/10,iteration,1,0,1,215030,3250.7412965921703,3250.61643491604,ns,3,Pseudo-Least Recently Used
BM_std_sort/100,4,1,BM_std_sort/100,iteration,1,0,1,6863,101952.68701516883,101952.78405944952,ns,3,Pseudo-Least Recently Used
BM_std_sort/1000,4,2,BM_std_sort/1000,iteration,1,0,1,443,1581734.79686405,1581669.4785553268,ns,3,Pseudo-Least Recently Used
BM_std_sort/10000,4,3,BM_std_sort/10000,iteration,1,0,1,29,24067152.517341916,24066892.724137828,ns,3,Pseudo-Least Recently Used
BM_std_sort/100000,4,4,BM_std_sort/100000,iteration,1,0,1,2,298922324.4949244,298922257.5000028,ns,3,Pseudo-Least Recently Used
BM_std_sort/1000000,4,5,BM_std_sort/1000000,iteration,1,0,1,1,3554536701.005418,3554484325.999994,ns,3,Pseudo-Least Recently Used
BM_at/10,0,0,BM_at/10,iteration,1,0,1,10274916,68.27659369654602,68.27479358468779,ns,4,Least Recently Used
BM_at/100,0,1,BM_at/100,iteration,1,0,1,10282494,68.33087488526685,68.33040379114261,ns,4,Least Recently Used
BM_at/1000,0,2,BM_at/1000,iteration,1,0,1,10224094,68.26237112004233,68.26055462713873,ns,4,Least Recently Used
BM_at/10000,0,3,BM_at/10000,iteration,1,0,1,10246431,68.41707429623119,68.41445211508261,ns,4,Least Recently Used
BM_at/100000,0,4,BM_at/100000,iteration,1,0,1,10247313,68.46396494242606,68.462082694263,ns,4,Least Recently Used
BM_at/1000000,0,5,BM_at/1000000,iteration,1,0,1,10257136,68.29352735468926,68.29080661502368,ns,4,Least Recently Used
BM_insert/10,1,0,BM_insert/10,iteration,1,0,1,1532503,457.50599770107954,457.5019911869639,ns,4,Least Recently Used
BM_insert/100,1,1,BM_insert/100,iteration,1,0,1,1527641,456.9124237946191,456.904473629601,ns,4,Least Recently Used
BM_insert/1000,1,2,BM_insert/1000,iteration,1,0,1,1534359,457.7310323247883,457.72758461351134,ns,4,Least Recently Used
BM_insert/10000,1,3,BM_insert/10000,iteration,1,0,1,1528286,457.46077567348294,457.45163732442694,ns,4,Least Recently Used
BM_insert/100000,1,4,BM_insert/100000,iteration,1,0,1,1535503,456.63825273879456,456.6323680253313,ns,4,Least Recently Used
BM_insert/1000000,1,5,BM_insert/1000000,iteration,1,0,1,1540268,458.07662951474583,458.0779507202642,ns,4,Least Recently Used
BM_insert_at_beginning/10,2,0,BM_insert_at_beginning/10,iteration,1,0,1,2663,690412.3627415106,690403.0563274493,ns,4,Least Recently Used
BM_insert_at_beginning/100,2,1,BM_insert_at_beginning/100,iteration,1,0,1,2315,631897.1922281188,631870.4431965449,ns,4,Least Recently Used
BM_insert_at_beginning/1000,2,2,BM_insert_at_beginning/1000,iteration,1,0,1,1320,834649.6121014229,834649.3727272727,ns,4,Least Recently Used
BM_insert_at_beginning/10000,2,3,BM_insert_at_beginning/10000,iteration,1,0,1,138,5082041.065232235,5081989.623188412,ns,4,Least Recently Used
BM_insert_at_beginning/100000,2,4,BM_insert_at_beginning/100000,iteration,1,0,1,14,51544878.99978579,51544546.35714296,ns,4,Least Recently Used
BM_insert_at_beginning/1000000,2,5,BM_insert_at_beginning/1000000,iteration,1,0,1,1,514836767.97943187,514829486.0000036,ns,4,Least Recently Used
BM_find_middle/10,3,0,BM_find_middle/10,iteration,1,0,1,1487889,467.48779512600095,467.4882877687829,ns,4,Least Recently Used
BM_find_middle/100,3,1,BM_find_middle/100,iteration,1,0,1,181272,3862.992309947221,3862.960473763151,ns,4,Least Recently Used
BM_find_middle/1000,3,2,BM_find_middle/1000,iteration,1,0,1,18777,37122.090430152544,37121.90270011184,ns,4,Least Recently Used
BM_find_middle/10000,3,3,BM_find_middle/10000,iteration,1,0,1,1949,363892.26320686116,363746.81836839387,ns,4,Least Recently Used
BM_find_middle/100000,3,4,BM_find_middle/100000,iteration,1,0,1,192,3641066.406241104,3640951.2343749856,ns,4,Least Recently Used
BM_find_middle/1000000,3,5,BM_find_middle/1000000,iteration,1,0,1,19,36517196.578451574,36497075.631578766,ns,4,Least Recently Used
BM_std_sort/10,4,0,BM_std_sort/10,iteration,1,0,1,211235,3318.0828507790625,3316.5563613984345,ns,4,Least Recently Used
BM_std_sort/100,4,1,BM_std_sort/100,iteration,1,0,1,6719,104198.57479050569,104156.34811727892,ns,4,Least Recently Used
BM_std_sort/1000,4,2,BM_std_sort/1000,iteration,1,0,1,435,1610345.8022779045,1610327.694252897,ns,4,Least Recently Used
BM_std_sort/10000,4,3,BM_std_sort/10000,iteration,1,0,1,29,24306603.89604625,24306601.62068946,ns,4,Least Recently Used
BM_std_sort/100000,4,4,BM_std_sort/100000,iteration,1,0,1,2,304863227.5022101,304855209.99999946,ns,4,Least Recently Used
BM_std_sort/1000000,4,5,BM_std_sort/1000000,iteration,1,0,1,1,3625412215.0130568,3625346796.0000024,ns,4,Least Recently Used
BM_at/10,0,0,BM_at/10,iteration,1,0,1,10223073,68.23325696747473,68.23253047298009,ns,4,Most Recently Used
BM_at/100,0,1,BM_at/100,iteration,1,0,1,10244179,68.63115023628106,68.63029677634472,ns,4,Most Recently Used
BM_at/1000,0,2,BM_at/1000,iteration,1,0,1,10315447,67.83121826916158,67.83135980437896,ns,4,Most Recently Used
BM_at/10000,0,3,BM_at/10000,iteration,1,0,1,10280756,68.43711513017337,68.43661925251375,ns,4,Most Recently Used
BM_at/100000,0,4,BM_at/100000,iteration,1,0,1,10231576,68.39105813307842,68.35439515867343,ns,4,Most Recently Used
BM_at/1000000,0,5,BM_at/1000000,iteration,1,0,1,10484810,67.70115195169029,67.70114994930731,ns,4,Most Recently Used
BM_insert/10,1,0,BM_insert/10,iteration,1,0,1,1538822,456.83008561381655,456.8249524636387,ns,4,Most Recently Used
BM_insert/100,1,1,BM_insert/100,iteration,1,0,1,1542637,456.0616554584258,456.05460001283825,ns,4,Most Recently Used
BM_insert/1000,1,2,BM_insert/1000,iteration,1,0,1,1534235,457.84133331254077,457.837161191078,ns,4,Most Recently Used
BM_insert/10000,1,3,BM_insert/10000,iteration,1,0,1,1515548,461.29205278201306,461.28557129170275,ns,4,Most Recently Used
BM_insert/100000,1,4,BM_insert/100000,iteration,1,0,1,1516436,461.4912821903785,461.4779568672852,ns,4,Most Recently Used
BM_insert/1000000,1,5,BM_insert/1000000,iteration,1,0,1,1521807,461.7250452770324,461.7106361056299,ns,4,Most Recently Used
BM_insert_at_beginning/10,2,0,BM_insert_at_beginning/10,iteration,1,0,1,2725,690704.7779799157,690674.1016513773,ns,4,Most Recently Used
BM_insert_at_beginning/100,2,1,BM_insert_at_beginning/100,iteration,1,0,1,2331,637302.925783349,637283.6435006433,ns,4,Most Recently Used
BM_insert_at_beginning/1000,2,2,BM_insert_at_beginning/1000,iteration,1,0,1,1322,836101.3517470229,836057.1240544615,ns,4,Most Recently Used
BM_insert_at_beginning/10000,2,3,BM_insert_at_beginning/10000,iteration,1,0,1,139,5070549.007103168,5070380.9712230135,ns,4,Most Recently Used
BM_insert_at_beginning/100000,2,4,BM_insert_at_beginning/100000,iteration,1,0,1,14,50516921.785726614,50494469.71428598,ns,4,Most Recently Used
BM_insert_at_beginning/1000000,2,5,BM_insert_at_beginning/1000000,iteration,1,0,1,2,505063016.4914764,505056844.99999857,ns,4,Most Recently Used
BM_find_middle/10,3,0,BM_find_middle/10,iteration,1,0,1,1425948,489.98570916906647,489.98074614221656,ns,4,Most Recently Used
BM_find_middle/100,3,1,BM_find_middle/100,iteration,1,0,1,182037,3851.4900818113247,3851.4599174892874,ns,4,Most Recently Used
BM_find_middle/1000,3,2,BM_find_middle/1000,iteration,1,0,1,18727,37057.26758178182,37056.21300795659,ns,4,Most Recently Used
BM_find_middle/10000,3,3,BM_find_middle/10000,iteration,1,0,1,1908,369662.47956399794,369653.2552410907,ns,4,Most Recently Used
BM_find_middle/100000,3,4,BM_find_middle/100000,iteration,1,0,1,193,3628121.0052481624,3627897.0362694487,ns,4,Most Recently Used
BM_find_middle/1000000,3,5,BM_find_middle/1000000,iteration,1,0,1,19,36286506.05280295,36284890.78947364,ns,4,Most Recently Used
BM_std_sort/10,4,0,BM_std_sort/10,iteration,1,0,1,211059,3314.203909801452,3314.0881412307,ns,4,Most Recently Used
BM_std_sort/100,4,1,BM_std_sort/100,iteration,1,0,1,6729,103836.62253259496,103833.26185168693,ns,4,Most Recently Used
BM_std_sort/1000,4,2,BM_std_sort/1000,iteration,1,0,1,436,1614868.091731738,1614798.18348625,ns,4,Most Recently Used
BM_std_sort/10000,4,3,BM_std_sort/10000,iteration,1,0,1,28,24710299.50018939,24710193.1428568,ns,4,Most Recently Used
BM_std_sort/100000,4,4,BM_std_sort/100000,iteration,1,0,1,2,310490650.99796283,310484594.00000185,ns,4,Most Recently Used
BM_std_sort/1000000,4,5,BM_std_sort/1000000,iteration,1,0,1,1,3589455697.9765186,3589353818.000006,ns,4,Most Recently Used
BM_at/10,0,0,BM_at/10,iteration,1,0,1,10243200,68.52031142751873,68.51934092861585,ns,4,Least Frequently Used
BM_at/100,0,1,BM_at/100,iteration,1,0,1,10274862,68.44396265296601,68.44180953476582,ns,4,Least Frequently Used
BM_at/1000,0,2,BM_at/1000,iteration,1,0,1,10226302,68.38398357710088,68.38121453874575,ns,4,Least Frequently Used
BM_at/10000,0,3,BM_at/10000,iteration,1,0,1,10229501,68.18335586461221,68.18008982060817,ns,4,Least Frequently Used
BM_at/100000,0,4,BM_at/100000,iteration,1,0,1,10249199,68.40991847258907,68.40934896473432,ns,4,Least Frequently Used
BM_at/1000000,0,5,BM_at/1000000,iteration,1,0,1,10289584,67.98566423801992,67.98538454032723,ns,4,Least Frequently Used
BM_insert/10,1,0,BM_insert/10,iteration,1,0,1,1727963,406.00453944637235,405.99888249922157,ns,4,Least Frequently Used
BM_insert/100,1,1,BM_insert/100,iteration,1,0,1,1725930,404.0361341313443,404.0308164294029,ns,4,Least Frequently Used
BM_insert/1000,1,2,BM_insert/1000,iteration,1,0,1,1678664,416.60999938029244,416.60015464679077,ns,4,Least Frequently Used
BM_insert/10000,1,3,BM_insert/10000,iteration,1,0,1,1677611,417.4370834588642,417.4341161330006,ns,4,Least Frequently Used
BM_insert/100000,1,4,BM_insert/100000,iteration,1,0,1,1676647,417.07814047392736,417.07246605874764,ns,4,Least Frequently Used
BM_insert/1000000,1,5,BM_insert/1000000,iteration,1,0,1,1678131,418.8543033779931,418.8546567580253,ns,4,Least Frequently Used
BM_insert_at_beginning/10,2,0,BM_insert_at_beginning/10,iteration,1,0,1,3101,690268.9632356901,690259.6204450192,ns,4,Least Frequently Used
BM_insert_at_beginning/100,2,1,BM_insert_at_beginning/100,iteration,1,0,1,2624,622839.5514526488,622602.126905488,ns,4,Least Frequently Used
BM_insert_at_beginning/1000,2,2,BM_insert_at_beginning/1000,iteration,1,0,1,1000,659841.8499925174,659576.948999998,ns,4,Least Frequently Used
BM_insert_at_beginning/10000,2,3,BM_insert_at_beginning/10000,iteration,1,0,1,158,4434836.78486988,4433082.664556957,ns,4,Least Frequently Used
BM_insert_at_beginning/100000,2,4,BM_insert_at_beginning/100000,iteration,1,0,1,16,43978018.49881944,43957851.56249943,ns,4,Least Frequently Used
BM_insert_at_beginning/1000000,2,5,BM_insert_at_beginning/1000000,iteration,1,0,1,2,440138641.4974695,440132920.4999982,ns,4,Least Frequently Used
BM_find_middle/10,3,0,BM_find_middle/10,iteration,1,0,1,1463608,490.5128845966093,490.5094226049642,ns,4,Least Frequently Used
BM_find_middle/100,3,1,BM_find_middle/100,iteration,1,0,1,181061,3892.4623746237166,3892.419698333768,ns,4,Least Frequently Used
BM_find_middle/1000,3,2,BM_find_middle/1000,iteration,1,0,1,18888,37422.2457115426,37421.927837780655,ns,4,Least Frequently Used
BM_find_middle/10000,3,3,BM_find_middle/10000,iteration,1,0,1,1920,366858.1640643727,366852.2489583381,ns,4,Least Frequently Used
BM_find_middle/100000,3,4,BM_find_middle/100000,iteration,1,0,1,193,3619092.233253431,3618951.0880829454,ns,4,Least Frequently Used
BM_find_middle/1000000,3,5,BM_find_middle/1000000,iteration,1,0,1,20,35991667.49918368,35973004.79999959,ns,4,Least Frequently Used
BM_std_sort/10,4,0,BM_std_sort/10,iteration,1,0,1,211668,3306.975036412727,3306.914507625133,ns,4,Least Frequently Used
BM_std_sort/100,4,1,BM_std_sort/100,iteration,1,0,1,6724,103951.45449141381,103950.11035098076,ns,4,Least Frequently Used
BM_std_sort/1000,4,2,BM_std_sort/1000,iteration,1,0,1,435,1609364.301153598,1609332.365517236,ns,4,Least Frequently Used
BM_std_sort/10000,4,3,BM_std_sort/10000,iteration,1,0,1,29,24358678.138453577,24358393.413793117,ns,4,Least Frequently Used
BM_std_sort/100000,4,4,BM_std_sort/100000,iteration,1,0,1,2,302476380.0058281,302466983.4999969,ns,4,Least Frequently Used
BM_std_sort/1000000,4,5,BM_std_sort/1000000,iteration,1,0,1,1,3620395615.9879456,3619287403.0000014,ns,4,Least Frequently Used
BM_at/10,0,0,BM_at/10,iteration,1,0,1,10305915,68.40206308738843,68.40202572988439,ns,4,Pseudo-Least Recently Used
BM_at/100,0,1,BM_at/100,iteration,1,0,1,10241909,68.39842952944713,68.39837788052964,ns,4,Pseudo-Least Recently Used
BM_at/1000,0,2,BM_at/1000,iteration,1,0,1,10298287,69.40445231565384,69.40264113827885,ns,4,Pseudo-Least Recently Used
BM_at/10000,0,3,BM_at/10000,iteration,1,0,1,10339703,68.23215289608777,68.23066803756362,ns,4,Pseudo-Least Recently Used
BM_at/100000,0,4,BM_at/100000,iteration,1,0,1,10251517,68.18148611629302,68.17794771251849,ns,4,Pseudo-Least Recently Used
BM_at/1000000,0,5,BM_at/1000000,iteration,1,0,1,10229811,68.07779684394221,68.07659525674572,ns,4,Pseudo-Least Recently Used
BM_insert/10,1,0,BM_insert/10,iteration,1,0,1,1764373,396.7308188113652,396.72802122907063,ns,4,Pseudo-Least Recently Used
BM_insert/100,1,1,BM_insert/100,iteration,1,0,1,1764534,396.5894479708717,396.5876735727408,ns,4,Pseudo-Least Recently Used
BM_insert/1000,1,2,BM_insert/1000,iteration,1,0,1,1764078,397.5998595224824,397.60017981064533,ns,4,Pseudo-Least Recently Used
BM_insert/10000,1,3,BM_insert/10000,iteration,1,0,1,1767689,399.0546323500615,399.04667167131765,ns,4,Pseudo-Least Recently Used
BM_insert/100000,1,4,BM_insert/100000,iteration,1,0,1,1767996,399.54915114288497,399.54507645944926,ns,4,Pseudo-Least Recently Used
BM_insert/1000000,1,5,BM_insert/1000000,iteration,1,0,1,1754163,401.8570463525529,401.84363881805734,ns,4,Pseudo-Least Recently Used
BM_insert_at_beginning/10,2,0,BM_insert_at_beginning/10,iteration,1,0,1,3052,686935.2945569978,686930.4521625154,ns,4,Pseudo-Least Recently Used
BM_insert_at_beginning/100,2,1,BM_insert_at_beginning/100,iteration,1,0,1,2596,626998.5550925033,626994.8405238843,ns,4,Pseudo-Least Recently Used
BM_insert_at_beginning/1000,2,2,BM_insert_at_beginning/1000,iteration,1,0,1,1000,671090.3289786074,671069.4100000012,ns,4,Pseudo-Least Recently Used
BM_insert_at_beginning/10000,2,3,BM_insert_at_beginning/10000,iteration,1,0,1,156,4510815.820443288,4510698.403846137,ns,4,Pseudo-Least Recently Used
BM_insert_at_beginning/100000,2,4,BM_insert_at_beginning/100000,iteration,1,0,1,16,44829936.5616549,44828845.00000006,ns,4,Pseudo-Least Recently Used
BM_insert_at_beginning/1000000,2,5,BM_insert_at_beginning/1000000,iteration,1,0,1,2,448100078.9965037,448090355.49999976,ns,4,Pseudo-Least Recently Used
BM_find_middle/10,3,0,BM_find_middle/10,iteration,1,0,1,1482804,478.8997116425982,478.8916552693471,ns,4,Pseudo-Least Recently Used
BM_find_middle/100,3,1,BM_find_middle/100,iteration,1,0,1,180495,3868.2693647830465,3868.191994238089,ns,4,Pseudo-Least Recently Used
BM_find_middle/1000,3,2,BM_find_middle/1000,iteration,1,0,1,18866,37180.60139965728,37178.846072299195,ns,4,Pseudo-Least Recently Used
BM_find_middle/10000,3,3,BM_find_middle/10000,iteration,1,0,1,1911,361474.1329132705,361468.6488749359,ns,4,Pseudo-Least Recently Used
BM_find_middle/100000,3,4,BM_find_middle/100000,iteration,1,0,1,196,3569437.3825895223,3569408.4387754644,ns,4,Pseudo-Least Recently Used
BM_find_middle/1000000,3,5,BM_find_middle/1000000,iteration,1,0,1,19,36088609.78917954,36087775.68421087,ns,4,Pseudo-Least Recently Used
BM_std_sort/10,4,0,BM_std_sort/10,iteration,1,0,1,212249,3303.174662803222,3303.0977813794125,ns,4,Pseudo-Least Recently Used
BM_std_sort/100,4,1,BM_std_sort/100,iteration,1,0,1,6742,104124.58676824252,104124.58380302608,ns,4,Pseudo-Least Recently Used
BM_std_sort/1000,4,2,BM_std_sort/1000,iteration,1,0,1,432,1610493.865748005,1610465.0671296015,ns,4,Pseudo-Least Recently Used
BM_std_sort/10000,4,3,BM_std_sort/10000,iteration,1,0,1,29,24304806.20663228,24304367.1379307,ns,4,Pseudo-Least Recently Used
BM_std_sort/100000,4,4,BM_std_sort/100000,iteration,1,0,1,2,301102423.48746395,301099252.0000002,ns,4,Pseudo-Least Recently Used
BM_std_sort/1000000,4,5,BM_std_sort/1000000,iteration,1,0,1,1,3595846528.012771,3595762644.9999933,ns,4,Pseudo-Least Recently Used
BM_at/10,0,0,BM_at/10,iteration,1,0,1,10235937,68.90350702748344,68.90253515628332,ns,5,Least Recently Used
BM_at/100,0,1,BM_at/100,iteration,1,0,1,10135814,68.78618027246512,68.78528364865399,ns,5,Least Recently Used
BM_at/1000,0,2,BM_at/1000,iteration,1,0,1,10120891,68.87693544106662,68.87641888446375,ns,5,Least Recently Used
BM_at/10000,0,3,BM_at/10000,iteration,1,0,1,10226418,68.57670740616788,68.5756118124642,ns,5,Least Recently Used
BM_at/100000,0,4,BM_at/100000,iteration,1,0,1,10096709,68.74178348487148,68.74084070363921,ns,5,Least Recently Used
BM_at/1000000,0,5,BM_at/1000000,iteration,1,0,1,10142099,68.78930643479104,68.78680557150952,ns,5,Least Recently Used
BM_insert/10,1,0,BM_insert/10,iteration,1,0,1,1503224,467.3967319489765,467.3932135197419,ns,5,Least Recently Used
BM_insert/100,1,1,BM_insert/100,iteration,1,0,1,1518206,465.50422736867273,465.49924318570356,ns,5,Least Recently Used
BM_insert/1000,1,2,BM_insert/1000,iteration,1,0,1,1492501,466.22542095429316,466.22215931513415,ns,5,Least Recently Used
BM_insert/10000,1,3,BM_insert/10000,iteration,1,0,1,1497098,466.6642377493566,466.65479814948657,ns,5,Least Recently Used
BM_insert/100000,1,4,BM_insert/100000,iteration,1,0,1,1499686,467.49069004919266,467.4825683509746,ns,5,Least Recently Used
BM_insert/1000000,1,5,BM_insert/1000000,iteration,1,0,1,1485267,467.77579587671715,467.5038339907923,ns,5,Least Recently Used
BM_insert_at_beginning/10,2,0,BM_insert_at_beginning/10,iteration,1,0,1,2697,688691.6095667171,688459.2988505752,ns,5,Least Recently Used
BM_insert_at_beginning/100,2,1,BM_insert_at_beginning/100,iteration,1,0,1,2295,633883.694998924,633641.5437908497,ns,5,Least Recently Used
BM_insert_at_beginning/1000,2,2,BM_insert_at_beginning/1000,iteration,1,0,1,1314,843091.3683369718,842866.7146118698,ns,5,Least Recently Used
BM_insert_at_beginning/10000,2,3,BM_insert_at_beginning/10000,iteration,1,0,1,138,5116242.289870464,5116214.347826089,ns,5,Least Recently Used
BM_insert_at_beginning/100000,2,4,BM_insert_at_beginning/100000,iteration,1,0,1,14,50904062.572434284,50902961.78571409,ns,5,Least Recently Used
BM_insert_at_beginning/1000000,2,5,BM_insert_at_beginning/1000000,iteration,1,0,1,1,507123702.991521,507118284.0000006,ns,5,Least Recently Used
BM_find_middle/10,3,0,BM_find_middle/10,iteration,1,0,1,1407284,496.7684738922585,496.7649045963645,ns,5,Least Recently Used
BM_find_middle/100,3,1,BM_find_middle/100,iteration,1,0,1,178075,3903.695847250748,3902.141165239419,ns,5,Least Recently Used
BM_find_middle/1000,3,2,BM_find_middle/1000,iteration,1,0,1,18778,37239.11982092565,37224.846096496185,ns,5,Least Recently Used
BM_find_middle/10000,3,3,BM_find_middle/10000,iteration,1,0,1,1905,368937.2656149472,368786.1244094527,ns,5,Least Recently Used
BM_find_middle/100000,3,4,BM_find_middle/100000,iteration,1,0,1,195,3633717.128123419,3633016.0717948247,ns,5,Least Recently Used
BM_find_middle/1000000,3,5,BM_find_middle/1000000,iteration,1,0,1,19,36735728.26358539,36734681.94736903,ns,5,Least Recently Used
BM_std_sort/10,4,0,BM_std_sort/10,iteration,1,0,1,207102,3378.3648491942736,3378.3092823825577,ns,5,Least Recently Used
BM_std_sort/100,4,1,BM_std_sort/100,iteration,1,0,1,6620,105428.08625681094,105426.70075528744,ns,5,Least Recently Used
BM_std_sort/1000,4,2,BM_std_sort/1000,iteration,1,0,1,428,1645716.3528174763,1645703.570093463,ns,5,Least Recently Used
BM_std_sort/10000,4,3,BM_std_sort/10000,iteration,1,0,1,28,24885844.035972178,24885085.750000257,ns,5,Least Recently Used
BM_std_sort/100000,4,4,BM_std_sort/100000,iteration,1,0,1,2,305582794.49178374,305568908.49999976,ns,5,Least Recently Used
BM_std_sort/1000000,4,5,BM_std_sort/1000000,iteration,1,0,1,1,3644730669.0097322,3643997732.0000024,ns,5,Least Recently Used
BM_at/10,0,0,BM_at/10,iteration,1,0,1,10243172,68.87612314019721,68.87446788943917,ns,5,Most Recently Used
BM_at/100,0,1,BM_at/100,iteration,1,0,1,10175842,69.66475354158106,69.6363451791016,ns,5,Most Recently Used
BM_at/1000,0,2,BM_at/1000,iteration,1,0,1,10160737,68.61748808451843,68.61750205718307,ns,5,Most Recently Used
BM_at/10000,0,3,BM_at/10000,iteration,1,0,1,10149148,69.17027350256585,69.17027291354859,ns,5,Most Recently Used
BM_at/100000,0,4,BM_at/100000,iteration,1,0,1,10180259,68.71988581090287,68.71875823591527,ns,5,Most Recently Used
BM_at/1000000,0,5,BM_at/1000000,iteration,1,0,1,10280479,68.78580501853787,68.78529998456247,ns,5,Most Recently Used
BM_insert/10,1,0,BM_insert/10,iteration,1,0,1,1440356,485.75233275972937,485.73142611965534,ns,5,Most Recently Used
BM_insert/100,1,1,BM_insert/100,iteration,1,0,1,1438998,485.88090463540647,485.8624577657527,ns,5,Most Recently Used
BM_insert/1000,1,2,BM_insert/1000,iteration,1,0,1,1435191,487.44801145210363,487.43024377939855,ns,5,Most Recently Used
BM_insert/10000,1,3,BM_insert/10000,iteration,1,0,1,1441351,484.9717535768446,484.95350612029995,ns,5,Most Recently Used
BM_insert/100000,1,4,BM_insert/100000,iteration,1,0,1,1438147,485.5292323989971,485.51638323481313,ns,5,Most Recently Used
BM_insert/1000000,1,5,BM_insert/1000000,iteration,1,0,1,1439180,485.6584930364924,485.6418404925042,ns,5,Most Recently Used
BM_insert_at_beginning/10,2,0,BM_insert_at_beginning/10,iteration,1,0,1,2613,693612.4668955066,693596.6433218515,ns,5,Most Recently Used
BM_insert_at_beginning/100,2,1,BM_insert_at_beginning/100,iteration,1,0,1,2194,630629.0724767888,630621.879216044,ns,5,Most Recently Used
BM_insert_at_beginning/1000,2,2,BM_insert_at_beginning/1000,iteration,1,0,1,1256,860999.127395583,860980.317675155,ns,5,Most Recently Used
BM_insert_at_beginning/10000,2,3,BM_insert_at_beginning/10000,iteration,1,0,1,133,5316293.819613153,5316289.466165411,ns,5,Most Recently Used
BM_insert_at_beginning/100000,2,4,BM_insert_at_beginning/100000,iteration,1,0,1,13,52740994.07520575,52740608.307692364,ns,5,Most Recently Used
BM_insert_at_beginning/1000000,2,5,BM_insert_at_beginning/1000000,iteration,1,0,1,1,524359264.9931088,524359630.9999958,ns,5,Most Recently Used
BM_find_middle/10,3,0,BM_find_middle/10,iteration,1,0,1,1465033,476.6735288702032,476.66643003946314,ns,5,Most Recently Used
BM_find_middle/100,3,1,BM_find_middle/100,iteration,1,0,1,179823,3895.472192015462,3895.4154084850056,ns,5,Most Recently Used
BM_find_middle/1000,3,2,BM_find_middle/1000,iteration,1,0,1,18904,37109.85331174818,37109.522429116216,ns,5,Most Recently Used
BM_find_middle/10000,3,3,BM_find_middle/10000,iteration,1,0,1,1906,364569.1070214583,364562.6385099731,ns,5,Most Recently Used
BM_find_middle/100000,3,4,BM_find_middle/100000,iteration,1,0,1,193,3624483.6320420196,3624456.782383357,ns,5,Most Recently Used
BM_find_middle/1000000,3,5,BM_find_middle/1000000,iteration,1,0,1,19,36589909.63288632,36589130.89473745,ns,5,Most Recently Used
BM_std_sort/10,4,0,BM_std_sort/10,iteration,1,0,1,209003,3351.5896182747906,3351.447543815114,ns,5,Most Recently Used
BM_std_sort/100,4,1,BM_std_sort/100,iteration,1,0,1,6571,106554.91477391028,106554.7335261,ns,5,Most Recently Used
BM_std_sort/1000,4,2,BM_std_sort/1000,iteration,1,0,1,425,1655595.7646821353,1655582.235294145,ns,5,Most Recently Used
BM_std_sort/10000,4,3,BM_std_sort/10000,iteration,1,0,1,28,24821576.42953098,24821213.499999978,ns,5,Most Recently Used
BM_std_sort/100000,4,4,BM_std_sort/100000,iteration,1,0,1,2,307678633.50047266,307668853.9999992,ns,5,Most Recently Used
BM_std_sort/1000000,4,5,BM_std_sort/1000000,iteration,1,0,1,1,3666075943.008764,3665993284.999999,ns,5,Most Recently Used
BM_at/10,0,0,BM_at/10,iteration,1,0,1,10239140,68.85906482332408,68.85760474024184,ns,5,Least Frequently Used
BM_at/100,0,1,BM_at/100,iteration,1,0,1,10312603,69.08231132363302,69.05116167082163,ns,5,Least Frequently Used
BM_at/1000,0,2,BM_at/1000,iteration,1,0,1,10028904,68.7672508400526,68.73645544917002,ns,5,Least Frequently Used
BM_at/10000,0,3,BM_at/10000,iteration,1,0,1,10205826,68.88035422035522,68.87995415559706,ns,5,Least Frequently Used
BM_at/100000,0,4,BM_at/100000,iteration,1,0,1,10166398,69.01351560543674,69.01316759387142,ns,5,Least Frequently Used
BM_at/1000000,0,5,BM_at/1000000,iteration,1,0,1,10146880,68.88643248006419,68.88643425368232,ns,5,Least Frequently Used
BM_insert/10,1,0,BM_insert/10,iteration,1,0,1,1727309,404.47149121332495,404.471551992142,ns,5,Least Frequently Used
BM_insert/100,1,1,BM_insert/100,iteration,1,0,1,1715525,407.78645837788054,407.7678658136718,ns,5,Least Frequently Used
BM_insert/1000,1,2,BM_insert/1000,iteration,1,0,1,1718529,407.46409167396956,407.4541756350921,ns,5,Least Frequently Used
BM_insert/10000,1,3,BM_insert/10000,iteration,1,0,1,1715200,409.63870743773936,409.63386660447435,ns,5,Least Frequently Used
BM_insert/100000,1,4,BM_insert/100000,iteration,1,0,1,1717155,409.3402727143831,409.3262058462951,ns,5,Least Frequently Used
BM_insert/1000000,1,5,BM_insert/1000000,iteration,1,0,1,1719923,408.5565347971123,408.55696272449615,ns,5,Least Frequently Used
BM_insert_at_beginning/10,2,0,BM_insert_at_beginning/10,iteration,1,0,1,3072,689599.1969410413,689593.0312500001,ns,5,Least Frequently Used
BM_insert_at_beginning/100,2,1,BM_insert_at_beginning/100,iteration,1,0,1,2618,627145.4354455891,627141.5374331535,ns,5,Least Frequently Used
BM_insert_at_beginning/1000,2,2,BM_insert_at_beginning/1000,iteration,1,0,1,1000,668289.1370146535,668289.6349999936,ns,5,Least Frequently Used
BM_insert_at_beginning/10000,2,3,BM_insert_at_beginning/10000,iteration,1,0,1,156,4499410.98728838,4499408.929487203,ns,5,Least Frequently Used
BM_insert_at_beginning/100000,2,4,BM_insert_at_beginning/100000,iteration,1,0,1,16,44541707.124153614,44540565.749999315,ns,5,Least Frequently Used
BM_insert_at_beginning/1000000,2,5,BM_insert_at_beginning/1000000,iteration,1,0,1,2,456100141.4986094,455911655.499996,ns,5,Least Frequently Used
BM_find_middle/10,3,0,BM_find_middle/10,iteration,1,0,1,1461860,496.68859672019335,496.6817376492972,ns,5,Least Frequently Used
BM_find_middle/100,3,1,BM_find_middle/100,iteration,1,0,1,178332,3915.3318753785584,3913.7960377273616,ns,5,Least Frequently Used
BM_find_middle/1000,3,2,BM_find_middle/1000,iteration,1,0,1,18830,37087.24721198366,37072.9755708974,ns,5,Least Frequently Used
BM_find_middle/10000,3,3,BM_find_middle/10000,iteration,1,0,1,1925,364815.9236423429,364808.25662337866,ns,5,Least Frequently Used
BM_find_middle/100000,3,4,BM_find_middle/100000,iteration,1,0,1,190,3626832.136835315,3626775.6315789246,ns,5,Least Frequently Used
BM_find_middle/1000000,3,5,BM_find_middle/1000000,iteration,1,0,1,19,36413502.052279286,36393888.47368401,ns,5,Least Frequently Used
BM_std_sort/10,4,0,BM_std_sort/10,iteration,1,0,1,208860,3349.396787363059,3349.3401896007244,ns,5,Least Frequently Used
BM_std_sort/100,4,1,BM_std_sort/100,iteration,1,0,1,6651,105215.00646637999,105211.73192001179,ns,5,Least Frequently Used
BM_std_sort/1000,4,2,BM_std_sort/1000,iteration,1,0,1,430,1630874.0418279802,1630863.0883720974,ns,5,Least Frequently Used
BM_std_sort/10000,4,3,BM_std_sort/10000,iteration,1,0,1,28,24672011.92900705,24671626.392856993,ns,5,Least Frequently Used
BM_std_sort/100000,4,4,BM_std_sort/100000,iteration,1,0,1,2,305360242.50613993,305348702.49999815,ns,5,Least Frequently Used
BM_std_sort/1000000,4,5,BM_std_sort/1000000,iteration,1,0,1,1,3692766642.98377,3692616887.0,ns,5,Least Frequently Used
BM_at/10,0,0,BM_at/10,iteration,1,0,1,10152086,69.03925498504687,69.03932305144006,ns,5,Pseudo-Least Recently Used
BM_at/100,0,1,BM_at/100,iteration,1,0,1,10296895,68.98905019468242,68.98669715482193,ns,5,Pseudo-Least Recently Used
BM_at/1000,0,2,BM_at/1000,iteration,1,0,1,10291834,69.0159136833761,69.01590950650767,ns,5,Pseudo-Least Recently Used
BM_at/10000,0,3,BM_at/10000,iteration,1,0,1,10134022,69.08871196455564,69.0863992598396,ns,5,Pseudo-Least Recently Used
BM_at/100000,0,4,BM_at/100000,iteration,1,0,1,10182501,69.56554347384125,69.56549388013822,ns,5,Pseudo-Least Recently Used
BM_at/1000000,0,5,BM_at/1000000,iteration,1,0,1,10198770,68.98288832988173,68.98238571906218,ns,5,Pseudo-Least Recently Used
BM_insert/10,1,0,BM_insert/10,iteration,1,0,1,1745548,401.7345527094222,401.7214370501436,ns,5,Pseudo-Least Recently Used
BM_insert/100,1,1,BM_insert/100,iteration,1,0,1,1742381,402.24025802177016,402.2363943362552,ns,5,Pseudo-Least Recently Used
BM_insert/1000,1,2,BM_insert/1000,iteration,1,0,1,1742780,401.92989189775346,401.9198596495251,ns,5,Pseudo-Least Recently Used
BM_insert/10000,1,3,BM_insert/10000,iteration,1,0,1,1739216,404.16233867418543,403.9342657841236,ns,5,Pseudo-Least Recently Used
BM_insert/100000,1,4,BM_insert/100000,iteration,1,0,1,1741056,405.0052100560651,405.00261393085594,ns,5,Pseudo-Least Recently Used
BM_insert/1000000,1,5,BM_insert/1000000,iteration,1,0,1,1741865,404.6333223241617,404.63375577326474,ns,5,Pseudo-Least Recently Used
BM_insert_at_beginning/10,2,0,BM_insert_at_beginning/10,iteration,1,0,1,3030,686009.0963689998,685997.9290429062,ns,5,Pseudo-Least Recently Used
BM_insert_at_beginning/100,2,1,BM_insert_at_beginning/100,iteration,1,0,1,2595,631991.1121381787,631977.2057803456,ns,5,Pseudo-Least Recently Used
BM_insert_at_beginning/1000,2,2,BM_insert_at_beginning/1000,iteration,1,0,1,1000,677987.511997344,677666.6300000045,ns,5,Pseudo-Least Recently Used
BM_insert_at_beginning/10000,2,3,BM_insert_at_beginning/10000,iteration,1,0,1,154,4553900.136387085,4553834.688311658,ns,5,Pseudo-Least Recently Used
BM_insert_at_beginning/100000,2,4,BM_insert_at_beginning/100000,iteration,1,0,1,15,45263035.60123779,45263053.066666715,ns,5,Pseudo-Least Recently Used
BM_insert_at_beginning/1000000,2,5,BM_insert_at_beginning/1000000,iteration,1,0,1,2,453791357.5040875,453595914.4999992,ns,5,Pseudo-Least Recently Used
BM_find_middle/10,3,0,BM_find_middle/10,iteration,1,0,1,1480773,474.19345166911575,474.1906004499025,ns,5,Pseudo-Least Recently Used
BM_find_middle/100,3,1,BM_find_middle/100,iteration,1,0,1,178887,3905.613197097785,3905.555406485701,ns,5,Pseudo-Least Recently Used
BM_find_middle/1000,3,2,BM_find_middle/1000,iteration,1,0,1,18804,37190.00701916952,37174.516273133544,ns,5,Pseudo-Least Recently Used
BM_find_middle/10000,3,3,BM_find_middle/10000,iteration,1,0,1,1913,364493.29691446864,364483.7192890774,ns,5,Pseudo-Least Recently Used
BM_find_middle/100000,3,4,BM_find_middle/100000,iteration,1,0,1,192,3615523.145829987,3615394.651041696,ns,5,Pseudo-Least Recently Used
BM_find_middle/1000000,3,5,BM_find_middle/1000000,iteration,1,0,1,19,36301793.26252179,36301266.42105243,ns,5,Pseudo-Least Recently Used
BM_std_sort/10,4,0,BM_std_sort/10,iteration,1,0,1,200853,3487.0001693021977,3486.9451489398075,ns,5,Pseudo-Least Recently Used
BM_std_sort/100,4,1,BM_std_sort/100,iteration,1,0,1,6402,109472.4272074258,109466.5757575775,ns,5,Pseudo-Least Recently Used
BM_std_sort/1000,4,2,BM_std_sort/1000,iteration,1,0,1,413,1694318.73849203,1694275.3050847326,ns,5,Pseudo-Least Recently Used
BM_std_sort/10000,4,3,BM_std_sort/10000,iteration,1,0,1,28,25313762.357524995,25313147.607142586,ns,5,Pseudo-Least Recently Used
BM_std_sort/100000,4,4,BM_std_sort/100000,iteration,1,0,1,2,313023775.99058676,313014619.999997,ns,5,Pseudo-Least Recently Used
BM_std_sort/1000000,4,5,BM_std_sort/1000000,iteration,1,0,1,1,3719240264.0066576,3719134603.0000005,ns,5,Pseudo-Least Recently Used
BM_at/10,0,0,BM_at/10,iteration,1,0,1,10073405,69.68701208866332,69.68580733128508,ns,6,Least Recently Used
BM_at/100,0,1,BM_at/100,iteration,1,0,1,10121725,69.51794847115178,69.5180332403812,ns,6,Least Recently Used
BM_at/1000,0,2,BM_at/1000,iteration,1,0,1,10021070,70.0254025765452,70.02529190994538,ns,6,Least Recently Used
BM_at/10000,0,3,BM_at/10000,iteration,1,0,1,10115389,70.31109540075278,70.31034416966116,ns,6,Least Recently Used
BM_at/100000,0,4,BM_at/100000,iteration,1,0,1,10066299,69.92397752142485,69.92282208187922,ns,6,Least Recently Used
BM_at/1000000,0,5,BM_at/1000000,iteration,1,0,1,10133266,69.41296211752685,69.41147020121643,ns,6,Least Recently Used
BM_insert/10,1,0,BM_insert/10,iteration,1,0,1,1482354,470.8023710893858,470.80209855405525,ns,6,Least Recently Used
BM_insert/100,1,1,BM_insert/100,iteration,1,0,1,1466871,476.94685762725453,476.946779232802,ns,6,Least Recently Used
BM_insert/1000,1,2,BM_insert/1000,iteration,1,0,1,1501495,480.6122584534637,480.6005328023095,ns,6,Least Recently Used
BM_insert/10000,1,3,BM_insert/10000,iteration,1,0,1,1479131,481.181851373262,481.17782738648646,ns,6,Least Recently Used
BM_insert/100000,1,4,BM_insert/100000,iteration,1,0,1,1478629,477.18560978306795,477.1784118937172,ns,6,Least Recently Used
BM_insert/1000000,1,5,BM_insert/1000000,iteration,1,0,1,1478686,479.3029317937274,479.0753114589595,ns,6,Least Recently Used
BM_insert_at_beginning/10,2,0,BM_insert_at_beginning/10,iteration,1,0,1,2668,691792.2368809487,691783.1218140931,ns,6,Least Recently Used
BM_insert_at_beginning/100,2,1,BM_insert_at_beginning/100,iteration,1,0,1,2249,630381.3219134207,630379.0217874597,ns,6,Least Recently Used
BM_insert_at_beginning/1000,2,2,BM_insert_at_beginning/1000,iteration,1,0,1,1300,850499.9346153523,850489.1315384647,ns,6,Least Recently Used
BM_insert_at_beginning/10000,2,3,BM_insert_at_beginning/10000,iteration,1,0,1,137,5151300.729944091,5151167.3284671325,ns,6,Least Recently Used
BM_insert_at_beginning/100000,2,4,BM_insert_at_beginning/100000,iteration,1,0,1,14,51507899.42750375,51507463.14285673,ns,6,Least Recently Used
BM_insert_at_beginning/1000000,2,5,BM_insert_at_beginning/1000000,iteration,1,0,1,1,513784239.99994993,513783781.0000008,ns,6,Least Recently Used
BM_find_middle/10,3,0,BM_find_middle/10,iteration,1,0,1,1468969,494.1762521721427,494.1761296528354,ns,6,Least Recently Used
BM_find_middle/100,3,1,BM_find_middle/100,iteration,1,0,1,175984,3981.099787573325,3981.0968951722944,ns,6,Least Recently Used
BM_find_middle/1000,3,2,BM_find_middle/1000,iteration,1,0,1,18397,38050.05120409083,38049.860520737326,ns,6,Least Recently Used
BM_find_middle/10000,3,3,BM_find_middle/10000,iteration,1,0,1,1894,370007.3373687396,369999.2935586086,ns,6,Least Recently Used
BM_find_middle/100000,3,4,BM_find_middle/100000,iteration,1,0,1,189,3710071.8677889,3709993.677248683,ns,6,Least Recently Used
BM_find_middle/1000000,3,5,BM_find_middle/1000000,iteration,1,0,1,19,36873314.10535415,36865131.68421052,ns,6,Least Recently Used
BM_std_sort/10,4,0,BM_std_sort/10,iteration,1,0,1,205708,3403.947595627109,3403.9300805024623,ns,6,Least Recently Used
BM_std_sort/100,4,1,BM_std_sort/100,iteration,1,0,1,6548,106674.79398425539,106674.58811850891,ns,6,Least Recently Used
BM_std_sort/1000,4,2,BM_std_sort/1000,iteration,1,0,1,423,1655008.52717505,1655005.4160756748,ns,6,Least Recently Used
BM_std_sort/10000,4,3,BM_std_sort/10000,iteration,1,0,1,28,25105564.928838115,25105558.678571276,ns,6,Least Recently Used
BM_std_sort/100000,4,4,BM_std_sort/100000,iteration,1,0,1,2,310069628.0016564,310069853.9999982,ns,6,Least Recently Used
BM_std_sort/1000000,4,5,BM_std_sort/1000000,iteration,1,0,1,1,3699444489.000598,3699423250.0000095,ns,6,Least Recently Used
BM_at/10,0,0,BM_at/10,iteration,1,0,1,10083780,70.1593660310796,70.15895963616829,ns,6,Most Recently Used
BM_at/100,0,1,BM_at/100,iteration,1,0,1,10028382,69.75215553203486,69.75222304056601,ns,6,Most Recently Used
BM_at/1000,0,2,BM_at/1000,iteration,1,0,1,10006606,70.03505653886691,69.97536787198369,ns,6,Most Recently Used
BM_at/10000,0,3,BM_at/10000,iteration,1,0,1,10110056,69.53246243221778,69.53245966194436,ns,6,Most Recently Used
BM_at/100000,0,4,BM_at/100000,iteration,1,0,1,9991131,70.05653123634174,70.02270623816281,ns,6,Most Recently Used
BM_at/1000000,0,5,BM_at/1000000,iteration,1,0,1,9969650,69.89676377725948,69.8967300757806,ns,6,Most Recently Used
BM_insert/10,1,0,BM_insert/10,iteration,1,0,1,1470659,476.6785570219422,476.66737428594763,ns,6,Most Recently Used
BM_insert/100,1,1,BM_insert/100,iteration,1,0,1,1457114,478.69638544780514,478.686402711112,ns,6,Most Recently Used
BM_insert/1000,1,2,BM_insert/1000,iteration,1,0,1,1461847,476.3174675450381,476.1160791792843,ns,6,Most Recently Used
BM_insert/10000,1,3,BM_insert/10000,iteration,1,0,1,1472015,476.06394634959724,475.97816530402196,ns,6,Most Recently Used
BM_insert/100000,1,4,BM_insert/100000,iteration,1,0,1,1465003,477.5405524805267,477.44873491726327,ns,6,Most Recently Used
BM_insert/1000000,1,5,BM_insert/1000000,iteration,1,0,1,1479182,479.14857874276146,479.0967081806001,ns,6,Most Recently Used
BM_insert_at_beginning/10,2,0,BM_insert_at_beginning/10,iteration,1,0,1,2641,689893.3195775084,689889.6978417271,ns,6,Most Recently Used
BM_insert_at_beginning/100,2,1,BM_insert_at_beginning/100,iteration,1,0,1,2233,627535.2342169986,627526.3278101188,ns,6,Most Recently Used
BM_insert_at_beginning/1000,2,2,BM_insert_at_beginning/1000,iteration,1,0,1,1288,848179.016299712,848141.1614906854,ns,6,Most Recently Used
BM_insert_at_beginning/10000,2,3,BM_insert_at_beginning/10000,iteration,1,0,1,134,5207905.313434469,5206715.940298503,ns,6,Most Recently Used
BM_insert_at_beginning/100000,2,4,BM_insert_at_beginning/100000,iteration,1,0,1,14,51706924.57301941,51703118.78571456,ns,6,Most Recently Used
BM_insert_at_beginning/1000000,2,5,BM_insert_at_beginning/1000000,iteration,1,0,1,1,516428387.9857976,516428406.00000286,ns,6,Most Recently Used
BM_find_middle/10,3,0,BM_find_middle/10,iteration,1,0,1,1440123,485.01620347911813,484.9548726046308,ns,6,Most Recently Used
BM_find_middle/100,3,1,BM_find_middle/100,iteration,1,0,1,177441,3963.353537115727,3962.4472585253657,ns,6,Most Recently Used
BM_find_middle/1000,3,2,BM_find_middle/1000,iteration,1,0,1,18511,38356.1338657199,38352.5759278266,ns,6,Most Recently Used
BM_find_middle/10000,3,3,BM_find_middle/10000,iteration,1,0,1,1852,378989.3515117881,378882.3758099343,ns,6,Most Recently Used
BM_find_middle/100000,3,4,BM_find_middle/100000,iteration,1,0,1,186,3739800.177431936,3739030.1129032047,ns,6,Most Recently Used
BM_find_middle/1000000,3,5,BM_find_middle/1000000,iteration,1,0,1,19,37759020.684078634,37745933.578947484,ns,6,Most Recently Used
BM_std_sort/10,4,0,BM_std_sort/10,iteration,1,0,1,205519,3409.62278911127,3409.583561617173,ns,6,Most Recently Used
BM_std_sort/100,4,1,BM_std_sort/100,iteration,1,0,1,6550,106968.47496540037,106967.9578625959,ns,6,Most Recently Used
BM_std_sort/1000,4,2,BM_std_sort/1000,iteration,1,0,1,422,1658058.1137721792,1658045.604265405,ns,6,Most Recently Used
BM_std_sort/10000,4,3,BM_std_sort/10000,iteration,1,0,1,28,25048908.39294863,25045131.24999974,ns,6,Most Recently Used
BM_std_sort/100000,4,4,BM_std_sort/100000,iteration,1,0,1,2,310714963.50341475,310692353.499995,ns,6,Most Recently Used
BM_std_sort/1000000,4,5,BM_std_sort/1000000,iteration,1,0,1,1,3763403010.001639,3763045449.0000033,ns,6,Most Recently Used
BM_at/10,0,0,BM_at/10,iteration,1,0,1,10024985,69.83538698766289,69.83475795724374,ns,6,Least Frequently Used
BM_at/100,0,1,BM_at/100,iteration,1,0,1,10094484,69.73974499357374,69.7364150559852,ns,6,Least Frequently Used
BM_at/1000,0,2,BM_at/1000,iteration,1,0,1,10040202,70.05271398071042,70.05273997475365,ns,6,Least Frequently Used
BM_at/10000,0,3,BM_at/10000,iteration,1,0,1,10036018,69.98584428719025,69.98536003024252,ns,6,Least Frequently Used
BM_at/100000,0,4,BM_at/100000,iteration,1,0,1,10120632,69.67815942687518,69.67751628554431,ns,6,Least Frequently Used
BM_at/1000000,0,5,BM_at/1000000,iteration,1,0,1,10042752,69.71885375577472,69.71789256570331,ns,6,Least Frequently Used
BM_insert/10,1,0,BM_insert/10,iteration,1,0,1,1676796,416.7420491193356,416.73829076405565,ns,6,Least Frequently Used
BM_insert/100,1,1,BM_insert/100,iteration,1,0,1,1680213,417.6576332820335,417.6579737211923,ns,6,Least Frequently Used
BM_insert/1000,1,2,BM_insert/1000,iteration,1,0,1,1677654,417.2478180871563,417.2418734733137,ns,6,Least Frequently Used
BM_insert/10000,1,3,BM_insert/10000,iteration,1,0,1,1679404,417.0634766722724,417.06351777177883,ns,6,Least Frequently Used
BM_insert/100000,1,4,BM_insert/100000,iteration,1,0,1,1674559,417.0757375468304,417.0687183909267,ns,6,Least Frequently Used
BM_insert/1000000,1,5,BM_insert/1000000,iteration,1,0,1,1678963,417.24615134293987,417.23907316599184,ns,6,Least Frequently Used
BM_insert_at_beginning/10,2,0,BM_insert_at_beginning/10,iteration,1,0,1,3011,686929.3274681914,686921.7462637022,ns,6,Least Frequently Used
BM_insert_at_beginning/100,2,1,BM_insert_at_beginning/100,iteration,1,0,1,2571,628896.6600471098,628888.2267600136,ns,6,Least Frequently Used
BM_insert_at_beginning/1000,2,2,BM_insert_at_beginning/1000,iteration,1,0,1,1000,681708.4460053593,681684.9670000095,ns,6,Least Frequently Used
BM_insert_at_beginning/10000,2,3,BM_insert_at_beginning/10000,iteration,1,0,1,153,4569886.43147234,4569770.843137271,ns,6,Least Frequently Used
BM_insert_at_beginning/100000,2,4,BM_insert_at_beginning/100000,iteration,1,0,1,15,45405732.33389296,45405095.466666505,ns,6,Least Frequently Used
BM_insert_at_beginning/1000000,2,5,BM_insert_at_beginning/1000000,iteration,1,0,1,2,455004027.50622016,454997684.0000056,ns,6,Least Frequently Used
BM_find_middle/10,3,0,BM_find_middle/10,iteration,1,0,1,1434946,485.559855898471,485.5406767920189,ns,6,Least Frequently Used
BM_find_middle/100,3,1,BM_find_middle/100,iteration,1,0,1,174760,3979.6948672174635,3979.6418459602028,ns,6,Least Frequently Used
BM_find_middle/1000,3,2,BM_find_middle/1000,iteration,1,0,1,18355,38223.26297971725,38222.381367475034,ns,6,Least Frequently Used
BM_find_middle/10000,3,3,BM_find_middle/10000,iteration,1,0,1,1863,375896.79280372453,375891.01717659394,ns,6,Least Frequently Used
BM_find_middle/100000,3,4,BM_find_middle/100000,iteration,1,0,1,189,3723131.195690098,3723060.386243383,ns,6,Least Frequently Used
BM_find_middle/1000000,3,5,BM_find_middle/1000000,iteration,1,0,1,19,37473797.15787247,37472950.6842104,ns,6,Least Frequently Used
BM_std_sort/10,4,0,BM_std_sort/10,iteration,1,0,1,202929,3453.9442612210764,3453.8527563827356,ns,6,Least Frequently Used
BM_std_sort/100,4,1,BM_std_sort/100,iteration,1,0,1,6474,108539.00664435209,108535.84538152513,ns,6,Least Frequently Used
BM_std_sort/1000,4,2,BM_std_sort/1000,iteration,1,0,1,417,1685811.4987836226,1685737.6570743406,ns,6,Least Frequently Used
BM_std_sort/10000,4,3,BM_std_sort/10000,iteration,1,0,1,28,25471781.642409045,25471166.785714213,ns,6,Least Frequently Used
BM_std_sort/100000,4,4,BM_std_sort/100000,iteration,1,0,1,2,315854957.5018697,315836835.5000008,ns,6,Least Frequently Used
BM_std_sort/1000000,4,5,BM_std_sort/1000000,iteration,1,0,1,1,3762209955.981234,3762156365.999999,ns,6,Least Frequently Used
BM_at/10,0,0,BM_at/10,iteration,1,0,1,10108518,69.89450639683476,69.89386426378199,ns,6,Pseudo-Least Recently Used
BM_at/100,0,1,BM_at/100,iteration,1,0,1,9966119,69.91307308313752,69.91255994434707,ns,6,Pseudo-Least Recently Used
BM_at/1000,0,2,BM_at/1000,iteration,1,0,1,10201014,69.91702844561087,69.91602177979581,ns,6,Pseudo-Least Recently Used
BM_at/10000,0,3,BM_at/10000,iteration,1,0,1,10105543,69.42778176349499,69.42729925546827,ns,6,Pseudo-Least Recently Used
BM_at/100000,0,4,BM_at/100000,iteration,1,0,1,10026220,69.88596041299913,69.8843705803384,ns,6,Pseudo-Least Recently Used
BM_at/1000000,0,5,BM_at/1000000,iteration,1,0,1,10060862,69.54191927145764,69.54193924934091,ns,6,Pseudo-Least Recently Used
BM_insert/10,1,0,BM_insert/10,iteration,1,0,1,1707249,410.105824635824,410.1022721348815,ns,6,Pseudo-Least Recently Used
BM_insert/100,1,1,BM_insert/100,iteration,1,0,1,1705483,411.0369379189174,410.80040141121424,ns,6,Pseudo-Least Recently Used
BM_insert/1000,1,2,BM_insert/1000,iteration,1,0,1,1715046,408.532186898083,408.52202564829116,ns,6,Pseudo-Least Recently Used
BM_insert/10000,1,3,BM_insert/10000,iteration,1,0,1,1704817,412.9375457925585,412.927601613544,ns,6,Pseudo-Least Recently Used
BM_insert/100000,1,4,BM_insert/100000,iteration,1,0,1,1705635,413.48120848007284,413.4820433445607,ns,6,Pseudo-Least Recently Used
BM_insert/1000000,1,5,BM_insert/1000000,iteration,1,0,1,1706262,412.56417712806956,412.55851152988373,ns,6,Pseudo-Least Recently Used
BM_insert_at_beginning/10,2,0,BM_insert_at_beginning/10,iteration,1,0,1,2958,686010.8066272611,685974.422920893,ns,6,Pseudo-Least Recently Used
BM_insert_at_beginning/100,2,1,BM_insert_at_beginning/100,iteration,1,0,1,2529,630893.8533022776,630884.4436536176,ns,6,Pseudo-Least Recently Used
BM_insert_at_beginning/1000,2,2,BM_insert_at_beginning/1000,iteration,1,0,1,1000,696989.1439948697,696988.9309999999,ns,6,Pseudo-Least Recently Used
BM_insert_at_beginning/10000,2,3,BM_insert_at_beginning/10000,iteration,1,0,1,151,4643961.404055505,4641992.721854323,ns,6,Pseudo-Least Recently Used
BM_insert_at_beginning/100000,2,4,BM_insert_at_beginning/100000,iteration,1,0,1,15,46051491.7348822,46029172.133332945,ns,6,Pseudo-Least Recently Used
BM_insert_at_beginning/1000000,2,5,BM_insert_at_beginning/1000000,iteration,1,0,1,2,458084265.0029808,458084253.5000045,ns,6,Pseudo-Least Recently Used
BM_find_middle/10,3,0,BM_find_middle/10,iteration,1,0,1,1428665,489.73017886881996,489.7302089713147,ns,6,Pseudo-Least Recently Used
BM_find_middle/100,3,1,BM_find_middle/100,iteration,1,0,1,177686,3956.011261486319,3955.9832175860324,ns,6,Pseudo-Least Recently Used
BM_find_middle/1000,3,2,BM_find_middle/1000,iteration,1,0,1,18473,37830.09473330658,37829.355924863085,ns,6,Pseudo-Least Recently Used
BM_find_middle/10000,3,3,BM_find_middle/10000,iteration,1,0,1,1901,369512.34982876125,369505.8111520209,ns,6,Pseudo-Least Recently Used
BM_find_middle/100000,3,4,BM_find_middle/100000,iteration,1,0,1,190,3716097.5526172766,3716000.63684211,ns,6,Pseudo-Least Recently Used
BM_find_middle/1000000,3,5,BM_find_middle/1000000,iteration,1,0,1,19,37150012.263354205,37132075.684210904,ns,6,Pseudo-Least Recently Used
BM_std_sort/10,4,0,BM_std_sort/10,iteration,1,0,1,205637,3404.479480723485,3404.480463146214,ns,6,Pseudo-Least Recently Used
BM_std_sort/100,4,1,BM_std_sort/100,iteration,1,0,1,6572,106811.94369822889,106770.24284844892,ns,6,Pseudo-Least Recently Used
BM_std_sort/1000,4,2,BM_std_sort/1000,iteration,1,0,1,423,1659643.271856503,1658872.964539013,ns,6,Pseudo-Least Recently Used
BM_std_sort/10000,4,3,BM_std_sort/10000,iteration,1,0,1,28,25190257.964173466,25178659.178571142,ns,6,Pseudo-Least Recently Used
BM_std_sort/100000,4,4,BM_std_sort/100000,iteration,1,0,1,2,311062241.4969839,310873095.9999946,ns,6,Pseudo-Least Recently Used
BM_std_sort/1000000,4,5,BM_std_sort/1000000,iteration,1,0,1,1,3697723981.9825625,3696964891.9999967,ns,6,Pseudo-Least Recently Used
